order,total_clicks,unique_clicks,click_percentage,unique_click_percentage
1,63.0625,53.06875,0.02411423639305008,0.03185023746310338
2,29.91304347826087,22.76086956521739,0.010952620848939151,0.013758652322314194
3,19.382978723404257,11.904255319148936,0.008040967743475189,0.008523101947978253
